<?xml version="1.0" encoding="UTF-8"?>
<!--<beans xmlns="http://www.springframework.org/schema/beans"
       xmlns:context="http://www.springframework.org/schema/context"
       xmlns:xsi="http://www.w3.org/2001/XMLSchema-instance"
       xsi:schemaLocation="http://www.springframework.org/schema/beans http://www.springframework.org/schema/beans/spring-beans.xsd">-->
<beans xmlns="http://www.springframework.org/schema/beans"
       xmlns:xsi="http://www.w3.org/2001/XMLSchema-instance"
       xmlns:context="http://www.springframework.org/schema/context"
       xmlns:tx="http://www.springframework.org/schema/tx"
       xmlns:p="http://www.springframework.org/schema/p" xmlns:mongo="http://www.springframework.org/schema/data/mongo"
       xmlns:mvc="http://www.springframework.org/schema/mvc"
       xsi:schemaLocation="http://www.springframework.org/schema/beans
            http://www.springframework.org/schema/beans/spring-beans.xsd
            http://www.springframework.org/schema/tx
            http://www.springframework.org/schema/tx/spring-tx.xsd
            http://www.springframework.org/schema/context
            http://www.springframework.org/schema/context/spring-context.xsd http://www.springframework.org/schema/data/mongo http://www.springframework.org/schema/data/mongo/spring-mongo.xsd http://www.springframework.org/schema/mvc http://www.springframework.org/schema/mvc/spring-mvc.xsd">

       <context:component-scan base-package="com.contactInfo.controller" />

        <!--<mongo:mongo host="127.0.0.1" port="27017" />
        <mongo:db-factory dbname="awesomedb" />

        <bean id="mongoTemplate" class="org.springframework.data.mongodb.core.MongoTemplate">
            <constructor-arg name="mongoDbFactory" ref="mongoDbFactory" />
        </bean>
-->
       <bean
               class="org.springframework.web.servlet.view.InternalResourceViewResolver">
              <property name="prefix">
                     <value>/WEB-INF/pages/</value>
              </property>
              <property name="suffix">
                     <value>.jsp</value>
              </property>
       </bean>

    <!--<resources mapping="/resources/**" location="/resources/" />-->

    <!--<mvc:resources mapping="/static/**" location="/static/" />-->

</beans>